,timestamp,Actual Value,Arma,Arima,Forecaster
0,2009-06-01 06:00:00,0.2795039068258882,0.27943234887397095,0.280276031356768,0.2791473570392661
1,2009-06-01 07:00:00,0.2788722999170809,0.2788015814960424,0.28036364525739554,0.2785455041905046
2,2009-06-01 08:00:00,0.2779246284007036,0.2782858983345997,0.2799458110687568,0.27800899726118045
3,2009-06-01 09:00:00,0.27683496862761614,0.27786393905956774,0.2789736290944338,0.27800899726118045
4,2009-06-01 10:00:00,0.2756878474421223,0.2775183079623139,0.2781163659035248,0.27800899726118045
5,2009-06-01 11:00:00,0.27492284167768927,0.27723483809514715,0.27764951308123675,0.27800899726118045
6,2009-06-01 12:00:00,0.274478255362864,0.27700199199149267,0.27759671140507436,0.27800899726118045
7,2009-06-01 13:00:00,0.27426685906866777,0.27681037361644767,0.27802301781938776,0.27800899726118045
8,2009-06-01 14:00:00,0.27377145960752824,0.2766523309026082,0.278287374322419,0.27800899726118045
9,2009-06-01 15:00:00,0.2736282569187453,0.27652163205792946,0.2778667586757952,0.27800899726118045
10,2009-06-01 16:00:00,0.2734151778705768,0.27641320195303215,0.2771967494830956,0.27800899726118045
11,2009-06-01 17:00:00,0.2724111762676785,0.2763229074368042,0.2763547724039135,0.27800899726118045
12,2009-06-01 18:00:00,0.27106826330637657,0.27624738249887615,0.2759730670150893,0.27800899726118045
13,2009-06-01 19:00:00,0.2695176235465116,0.2761838858831207,0.2759666937386811,0.27800899726118045
14,2009-06-01 20:00:00,0.26892675852066716,0.27613018512904863,0.2761358181251268,0.27800899726118045
15,2009-06-01 21:00:00,0.26864948126670596,0.27608446213590365,0.2761420671996389,0.27800899726118045
16,2009-06-01 22:00:00,0.2680528632765086,0.27604523625469923,0.27584600577975427,0.27800899726118045
17,2009-06-01 23:00:00,0.26756971028608967,0.2760113016548921,0.2753193717176283,0.27800899726118045
18,2009-06-02 00:00:00,0.267638304330689,0.27598167631622444,0.2747079812687571,0.27800899726118045
19,2009-06-02 01:00:00,0.26822617030721985,0.27595556048802383,0.27428677920531785,0.27800899726118045
20,2009-06-02 02:00:00,0.26868162686451463,0.27593230285873804,0.27419319490507915,0.27800899726118045
21,2009-06-02 03:00:00,0.2687876692943343,0.2759113730046324,0.27422015519234144,0.27800899726118045
22,2009-06-02 04:00:00,0.2690514033367913,0.2758923389521948,0.2741933483971262,0.27800899726118045
23,2009-06-02 05:00:00,0.2696756022041974,0.27587484890510966,0.27391163737234897,0.27800899726118045
24,2009-06-02 06:00:00,0.26994752847478376,0.27585861636282943,0.27343899188278376,0.27800899726118045
25,2009-06-02 07:00:00,0.2705721319239517,0.27584340800123897,0.2729453841198495,0.27800899726118045
26,2009-06-02 08:00:00,0.27152672819457396,0.2758290338027508,0.2725982868469177,0.27800899726118045
27,2009-06-02 09:00:00,0.2715328709021826,0.27581533901832145,0.2724336633187364,0.27800899726118045
28,2009-06-02 10:00:00,0.27174845327813546,0.27580219762137137,0.27236106423274065,0.27800899726118045
29,2009-06-02 11:00:00,0.272452297833676,0.275789506976702,0.2722547922018478,0.27800899726118045
30,2009-06-02 12:00:00,0.2735416444491842,0.27577718349889735,0.2720060448015442,0.27800899726118045
31,2009-06-02 13:00:00,0.27385351868169444,0.27576515911655575,0.27160939720908406,0.27800899726118045
32,2009-06-02 14:00:00,0.2739574986816784,0.27575337839278424,0.2711881591150514,0.27800899726118045
33,2009-06-02 15:00:00,0.2730019147578186,0.2757417961801484,0.2708524128363946,0.27800899726118045
34,2009-06-02 16:00:00,0.2716036682146847,0.2757303757108793,0.2706557421760323,0.27800899726118045
35,2009-06-02 17:00:00,0.27024425004169383,0.27571908704155135,0.2705349842815686,0.27800899726118045
36,2009-06-02 18:00:00,0.2690517540812783,0.27570790578643767,0.270383354448389,0.27800899726118045
37,2009-06-02 19:00:00,0.26918651657441384,0.27569681208596397,0.2701289182338075,0.27800899726118045
38,2009-06-02 20:00:00,0.2684628562529201,0.27568578976662395,0.2697827067960432,0.27800899726118045
39,2009-06-02 21:00:00,0.26727995828371737,0.2756748256568203,0.26941748706333757,0.27800899726118045
40,2009-06-02 22:00:00,0.26595207580876923,0.27566390902969007,0.2691069280334512,0.27800899726118045
41,2009-06-02 23:00:00,0.26468945833591856,0.27565303114934536,0.2688835486207305,0.27800899726118045
42,2009-06-03 00:00:00,0.26287248155532633,0.2756421849013352,0.26871792540789996,0.27800899726118045
43,2009-06-03 01:00:00,0.2603729929500917,0.27563136449169556,0.26853741347348503,0.27800899726118045
44,2009-06-03 02:00:00,0.2586783175218261,0.2756205652018585,0.26829063235853445,0.27800899726118045
45,2009-06-03 03:00:00,0.2581351332862062,0.275609783189051,0.267975897734041,0.27800899726118045
46,2009-06-03 04:00:00,0.25808025460495704,0.2755990153237416,0.2676427771169479,0.27800899726118045
47,2009-06-03 05:00:00,0.2583375479725107,0.2755882590572581,0.2673484618852253,0.27800899726118045
48,2009-06-03 06:00:00,0.258926928371107,0.27557751231397604,0.26711609605139075,0.27800899726118045
49,2009-06-03 07:00:00,0.25951564343146155,0.2755667734035178,0.2669220823583305,0.27800899726118045
50,2009-06-03 08:00:00,0.2596968466818556,0.27555604094924835,0.2667190758215098,0.27800899726118045
51,2009-06-03 09:00:00,0.26045866707983883,0.2755453138300423,0.2664725282398362,0.27800899726118045
52,2009-06-03 10:00:00,0.2612184212792497,0.2755345911328599,0.26618116358291943,0.27800899726118045
53,2009-06-03 11:00:00,0.26131621768565955,0.2755238721141245,0.2658747735531505,0.27800899726118045
54,2009-06-03 12:00:00,0.2614599182099645,0.27551315616826944,0.26559221804636923,0.27800899726118045
55,2009-06-03 13:00:00,0.26253604566827726,0.2755024428021223,0.26535125992888164,0.27800899726118045
56,2009-06-03 14:00:00,0.2635516565988223,0.27549173161404383,0.26513901846148735,0.27800899726118045
57,2009-06-03 15:00:00,0.2644351411132043,0.27548102227693866,0.2649231243843844,0.27800899726118045
58,2009-06-03 16:00:00,0.2649296676220162,0.2754703145244196,0.26467733650583436,0.27800899726118045
59,2009-06-03 17:00:00,0.26608327411634425,0.2754596081395397,0.2643997560789715,0.27800899726118045
60,2009-06-03 18:00:00,0.2671766433567381,0.27544890294561575,0.26411153683036326,0.27800899726118045
61,2009-06-03 19:00:00,0.26691026888965513,0.2754381987987552,0.2638390836257476,0.27800899726118045
62,2009-06-03 20:00:00,0.2661107153896811,0.27542749558176993,0.26359472059669753,0.27800899726118045
63,2009-06-03 21:00:00,0.2649449714756695,0.27541679319921974,0.26337013958289995,0.27800899726118045
64,2009-06-03 22:00:00,0.2638985393458537,0.2754060915733758,0.2631443675162229,0.27800899726118045
65,2009-06-03 23:00:00,0.26332290079093745,0.2753953906409333,0.2628992806124678,0.27800899726118045
66,2009-06-04 00:00:00,0.26356097752775587,0.2753846903503342,0.2626324589292923,0.27800899726118045
67,2009-06-04 01:00:00,0.26472785744340177,0.2753739906595869,0.2623572051965751,0.27800899726118045
68,2009-06-04 02:00:00,0.2665189681057945,0.27536329153449085,0.26209176096883224,0.27800899726118045
69,2009-06-04 03:00:00,0.2679047168836698,0.2753525929471903,0.26184572592135236,0.27800899726118045
70,2009-06-04 04:00:00,0.2681565903896952,0.2753418948749967,0.26161404497890306,0.27800899726118045
71,2009-06-04 05:00:00,0.26724844883875665,0.27533119729942973,0.2613821442002495,0.27800899726118045
72,2009-06-04 06:00:00,0.266273227530106,0.2753205002054361,0.26113736404581106,0.27800899726118045
73,2009-06-04 07:00:00,0.26594839807201587,0.2753098035807534,0.2608777332576696,0.27800899726118045
74,2009-06-04 08:00:00,0.26533454254534933,0.2752991074153924,0.2606120612755609,0.27800899726118045
75,2009-06-04 09:00:00,0.2637224917314387,0.27528841170121476,0.26035259415955403,0.27800899726118045
76,2009-06-04 10:00:00,0.26267249895490563,0.2752777164315898,0.26010617583631046,0.27800899726118045
77,2009-06-04 11:00:00,0.2618042578419254,0.2752670216011146,0.25986991061268433,0.27800899726118045
78,2009-06-04 12:00:00,0.26117384838330554,0.27525632720538595,0.25963420012606414,0.27800899726118045
79,2009-06-04 13:00:00,0.26083057774469154,0.27524563324081497,0.25939016073928933,0.27800899726118045
80,2009-06-04 14:00:00,0.26080982891868687,0.2752349397044759,0.25913587596823684,0.27800899726118045
81,2009-06-04 15:00:00,0.2611269770109573,0.2752242465939829,0.25887707338804805,0.27800899726118045
82,2009-06-04 16:00:00,0.26177407804051167,0.27521355390739016,0.2586222688597519,0.27800899726118045
83,2009-06-04 17:00:00,0.26272041818806424,0.2752028616431098,0.2583764117416747,0.27800899726118045
84,2009-06-04 18:00:00,0.26391687704604866,0.27519216979984584,0.2581377509895687,0.27800899726118045
85,2009-06-04 19:00:00,0.2637775567267776,0.27518147837653983,0.25789982159350566,0.27800899726118045
86,2009-06-04 20:00:00,0.26218691043940584,0.27517078737232675,0.25765650541795626,0.27800899726118045
87,2009-06-04 21:00:00,0.26055797062338404,0.2751600967864991,0.2574062704500465,0.27800899726118045
88,2009-06-04 22:00:00,0.2589228504475266,0.27514940661847787,0.25715278669931846,0.27800899726118045
89,2009-06-04 23:00:00,0.25731283775893143,0.27513871686778835,0.25690180673600094,0.27800899726118045
90,2009-06-05 00:00:00,0.2557565056110853,0.275128027534041,0.25665690074739256,0.27800899726118045
91,2009-06-05 01:00:00,0.25427822427591645,0.27511733861691556,0.2564171450467577,0.27800899726118045
92,2009-06-05 02:00:00,0.25289721041102364,0.27510665011614827,0.2561782250065428,0.27800899726118045
93,2009-06-05 03:00:00,0.2516271450377174,0.27509596203152126,0.25593584068124353,0.27800899726118045
94,2009-06-05 04:00:00,0.25047630092278134,0.2750852743628542,0.25568875936050317,0.27800899726118045
95,2009-06-05 05:00:00,0.25382035035408124,0.2750745871099971,0.2554393701596036,0.27800899726118045
96,2009-06-05 06:00:00,0.2589181811651462,0.275063900272825,0.2551916041859186,0.27800899726118045
97,2009-06-05 07:00:00,0.25973148010437935,0.27505321385123305,0.2549479944286024,0.27800899726118045
98,2009-06-05 08:00:00,0.2605419007193148,0.2750425278451328,0.2547080441473829,0.27800899726118045
99,2009-06-05 09:00:00,0.2611601334248066,0.27503184225444927,0.25446889132258177,0.27800899726118045
100,2009-06-05 10:00:00,0.2622273399750753,0.27502115707911845,0.2542275706075137,0.27800899726118045
101,2009-06-05 11:00:00,0.2628722073883801,0.27501047231908515,0.2539831146784691,0.27800899726118045
102,2009-06-05 12:00:00,0.2625425695858146,0.27499978797430147,0.25373703515351664,0.27800899726118045
103,2009-06-05 13:00:00,0.26310069094014443,0.27498910404472543,0.2534920024642845,0.27800899726118045
104,2009-06-05 14:00:00,0.2631898634045739,0.2749784205303198,0.25324983669628737,0.27800899726118045
105,2009-06-05 15:00:00,0.26360172352808775,0.27496773743105124,0.25301030420026993,0.27800899726118045
106,2009-06-05 16:00:00,0.26374570219693383,0.2749570547468897,0.2527714949118158,0.27800899726118045
107,2009-06-05 17:00:00,0.265257481091746,0.2749463724778076,0.25253135053871906,0.27800899726118045
108,2009-06-05 18:00:00,0.26651208757792305,0.27493569062377965,0.2522891352935036,0.27800899726118045
109,2009-06-05 19:00:00,0.26693675444519466,0.27492500918478213,0.2520458147611664,0.27800899726118045
110,2009-06-05 20:00:00,0.26931248419663395,0.27491432816079275,0.25180319665462614,0.27800899726118045
111,2009-06-05 21:00:00,0.2722893781175478,0.2749036475517904,0.25156256784542413,0.27800899726118045
112,2009-06-05 22:00:00,0.27459694820711994,0.2748929673577549,0.2513238402096255,0.27800899726118045
113,2009-06-05 23:00:00,0.2761088388758226,0.27488228757866684,0.2510857537834801,0.27800899726118045
114,2009-06-06 00:00:00,0.27770904137244606,0.2748716082145073,0.2508468867499988,0.27800899726118045
115,2009-06-06 01:00:00,0.27832881070459436,0.27486092926525796,0.2506066774431352,0.27800899726118045
116,2009-06-06 02:00:00,0.2783367369380125,0.27485025073090097,0.25036573369468174,0.27800899726118045
117,2009-06-06 03:00:00,0.278732189335595,0.27483957261141867,0.2501252821065999,0.27800899726118045
118,2009-06-06 04:00:00,0.279068050457748,0.27482889490679385,0.24988623545682112,0.27800899726118045
119,2009-06-06 05:00:00,0.27842725973451776,0.2748182176170094,0.24964857959888975,0.27800899726118045
120,2009-06-06 06:00:00,0.27725042089049684,0.27480754074204844,0.24941148047058648,0.27800899726118045
121,2009-06-06 07:00:00,0.27624258959678283,0.2747968642818941,0.24917395859708819,0.27800899726118045
122,2009-06-06 08:00:00,0.2748708042497684,0.2747861882365298,0.24893559558151196,0.27800899726118045
123,2009-06-06 09:00:00,0.2741805810202661,0.274775512605939,0.24869677105109558,0.27800899726118045
124,2009-06-06 10:00:00,0.27337717488898056,0.2747648373901053,0.2484583119935617,0.27800899726118045
125,2009-06-06 11:00:00,0.2728500653651524,0.27475416258901225,0.2482208623586145,0.27800899726118045
126,2009-06-06 12:00:00,0.2726602376870995,0.2747434882026435,0.24798444657658555,0.27800899726118045
127,2009-06-06 13:00:00,0.27157863701857915,0.2747328142309827,0.24774851575936904,0.27800899726118045
128,2009-06-06 14:00:00,0.2699269879700386,0.2747221406740137,0.24751239479671105,0.27800899726118045
129,2009-06-06 15:00:00,0.2681132111025269,0.27471146753172015,0.24727577286427457,0.27800899726118045
130,2009-06-06 16:00:00,0.26734941754540936,0.27470079480408593,0.2470388853570573,0.27800899726118045
131,2009-06-06 17:00:00,0.26665799763245684,0.2746901224910948,0.24680229046443405,0.27800899726118045
132,2009-06-06 18:00:00,0.26625672009974577,0.2746794505927306,0.24656644096995614,0.27800899726118045
133,2009-06-06 19:00:00,0.2670067342327226,0.27466877910897713,0.24633137521303475,0.27800899726118045
134,2009-06-06 20:00:00,0.2670470053918607,0.27465810803981827,0.24609673291641307,0.27800899726118045
135,2009-06-06 21:00:00,0.26650209294837396,0.2746474373852379,0.24586205080284484,0.27800899726118045
136,2009-06-06 22:00:00,0.2666562381282263,0.2746367671452199,0.24562710035230928,0.27800899726118045
137,2009-06-06 23:00:00,0.2671115849768693,0.2746260973197481,0.2453920249051385,0.27800899726118045
138,2009-06-07 00:00:00,0.2669203587931503,0.27461542790880633,0.24515719987468554,0.27800899726118045
139,2009-06-07 01:00:00,0.267331544078965,0.2746047589123785,0.24492294325795638,0.27800899726118045
140,2009-06-07 02:00:00,0.26848899690084954,0.2745940903304485,0.24468929653883728,0.27800899726118045
141,2009-06-07 03:00:00,0.2690998630546399,0.27458342216300025,0.24445602379867948,0.27800899726118045
142,2009-06-07 04:00:00,0.26951408343551697,0.2745727544100176,0.2442228071278082,0.27800899726118045
143,2009-06-07 05:00:00,0.2698723136408597,0.27456208707148444,0.24398947969669346,0.27800899726118045
144,2009-06-07 06:00:00,0.27027317221571034,0.27455142014738465,0.2437561278085984,0.27800899726118045
145,2009-06-07 07:00:00,0.2707323035892877,0.27454075363770214,0.24352300349212397,0.27800899726118045
146,2009-06-07 08:00:00,0.2709162637822066,0.2745300875424208,0.24329032910965434,0.27800899726118045
147,2009-06-07 09:00:00,0.2715637321655852,0.27451942186152456,0.24305814317942168,0.27800899726118045
148,2009-06-07 10:00:00,0.27229965389600846,0.2745087565949973,0.24282629201904826,0.27800899726118045
149,2009-06-07 11:00:00,0.2724987968557831,0.2744980917428229,0.24259455805467714,0.27800899726118045
150,2009-06-07 12:00:00,0.27246847586496165,0.2744874273049853,0.24236282005257154,0.27800899726118045
151,2009-06-07 13:00:00,0.27255503549593535,0.2744767632814684,0.2421311287245365,0.27800899726118045
152,2009-06-07 14:00:00,0.27301075851113754,0.2744660996722561,0.24189965295366156,0.27800899726118045
153,2009-06-07 15:00:00,0.27328638348045,0.2744554364773323,0.24166854801948567,0.27800899726118045
154,2009-06-07 16:00:00,0.27388604921225645,0.27444477369668085,0.24143784709376095,0.27800899726118045
155,2009-06-07 17:00:00,0.27435713553939145,0.2744341113302857,0.24120745030699664,0.27800899726118045
156,2009-06-07 18:00:00,0.27436397200309853,0.2744234493781308,0.2409772089743321,0.27800899726118045
157,2009-06-07 19:00:00,0.2738738053555539,0.27441278784019996,0.24074703557318877,0.27800899726118045
158,2009-06-07 20:00:00,0.2730297733049842,0.2744021267164771,0.24051695910213525,0.27800899726118045
159,2009-06-07 21:00:00,0.27220960477637013,0.2743914660069462,0.24028709237977128,0.27800899726118045
160,2009-06-07 22:00:00,0.2708921099132612,0.2743808057115911,0.24005754350117012,0.27800899726118045
161,2009-06-07 23:00:00,0.26973147699878347,0.27437014583039576,0.23982833978313317,0.27800899726118045
162,2009-06-08 00:00:00,0.26918042498264927,0.27435948636334406,0.2395994166572469,0.27800899726118045
163,2009-06-08 01:00:00,0.26867242424603155,0.27434882731041993,0.2393706726623778,0.27800899726118045
164,2009-06-08 02:00:00,0.2677127845639535,0.2743381686716072,0.2391420448346878,0.27800899726118045
165,2009-06-08 03:00:00,0.26701871599697163,0.27432751044688986,0.23891354908166396,0.27800899726118045
166,2009-06-08 04:00:00,0.26658834538394915,0.2743168526362518,0.23868526062149503,0.27800899726118045
167,2009-06-08 05:00:00,0.26619064999424197,0.2743061952396769,0.23845725452856886,0.27800899726118045
168,2009-06-08 06:00:00,0.26609946129357903,0.27429553825714914,0.23822955254476055,0.27800899726118045
169,2009-06-08 07:00:00,0.2671516299892137,0.2742848816886524,0.23800211309270028,0.27800899726118045
170,2009-06-08 08:00:00,0.26958780135261273,0.2742742255341706,0.23777486706732884,0.27800899726118045
171,2009-06-08 09:00:00,0.270796200775361,0.2742635697936876,0.2375477693738598,0.27800899726118045
172,2009-06-08 10:00:00,0.27151392002459446,0.2742529144671874,0.23732082816628872,0.27800899726118045
173,2009-06-08 11:00:00,0.27331841665269746,0.274242259554654,0.2370940934304858,0.27800899726118045
174,2009-06-08 12:00:00,0.276183955591609,0.27423160505607114,0.23686761718147176,0.27800899726118045
175,2009-06-08 13:00:00,0.28036383458644726,0.27422095097142285,0.23664141634178673,0.27800899726118045
176,2009-06-08 14:00:00,0.28641452429824243,0.274210297300693,0.23641546426549856,0.27800899726118045
177,2009-06-08 15:00:00,0.2940712067335824,0.27419964404386554,0.23618971393623606,0.27800899726118045
178,2009-06-08 16:00:00,0.29866710291585846,0.2741889912009243,0.2359641331614275,0.27800899726118045
179,2009-06-08 17:00:00,0.2994013023277506,0.2741783387718533,0.23573872564369783,0.27800899726118045
180,2009-06-08 18:00:00,0.2995296265094075,0.2741676867566365,0.23551352450091942,0.27800899726118045
181,2009-06-08 19:00:00,0.29965887139862724,0.2741570351552577,0.23528856566983572,0.27800899726118045
182,2009-06-08 20:00:00,0.2997890469400021,0.27414638396770086,0.23506386207203303,0.27800899726118045
183,2009-06-08 21:00:00,0.2999201632218575,0.27413573319394996,0.23483939671891751,0.27800899726118045
184,2009-06-08 22:00:00,0.30005223047885854,0.27412508283398884,0.2346151376682323,0.27800899726118045
185,2009-06-08 23:00:00,0.3001852590946728,0.27411443288780146,0.2343910620019974,0.27800899726118045
186,2009-06-09 00:00:00,0.300319259604692,0.2741037833553718,0.234167170946194,0.27800899726118045
187,2009-06-09 01:00:00,0.30045424269881366,0.2740931342366837,0.23394348636128562,0.27800899726118045
188,2009-06-09 02:00:00,0.3005902192242833,0.2740824855317211,0.23372003301119418,0.27800899726118045
189,2009-06-09 03:00:00,0.3007272001886006,0.2740718372404679,0.23349682061556049,0.27800899726118045
190,2009-06-09 04:00:00,0.3008651967624896,0.2740611893629081,0.23327383839361532,0.27800899726118045
191,2009-06-09 05:00:00,0.30100422028293555,0.27405054189902556,0.23305106466222572,0.27800899726118045
192,2009-06-09 06:00:00,0.3011442822562899,0.2740398948488043,0.2328284831452473,0.27800899726118045
193,2009-06-09 07:00:00,0.3012853943614443,0.2740292482122282,0.23260609377289276,0.27800899726118045
194,2009-06-09 08:00:00,0.30142756845307744,0.2740186019892812,0.23238391090981128,0.27800899726118045
195,2009-06-09 09:00:00,0.30157081656497475,0.2740079561799472,0.23216195156555275,0.27800899726118045
196,2009-06-09 10:00:00,0.30171515091342344,0.2739973107842102,0.23194022295596858,0.27800899726118045
197,2009-06-09 11:00:00,0.3018605839006858,0.273986665802054,0.2317187182735634,0.27800899726118045
198,2009-06-09 12:00:00,0.30200712811855185,0.2739760212334626,0.23149742280701144,0.27800899726118045
199,2009-06-09 13:00:00,0.3021547963519731,0.27396537707841995,0.23127632501391532,0.27800899726118045
200,2009-06-09 14:00:00,0.30230360158278097,0.27395473333691,0.2310554242079484,0.27800899726118045
201,2009-06-09 15:00:00,0.30245355699349136,0.2739440900089167,0.23083472977747815,0.27800899726118045
202,2009-06-09 16:00:00,0.3026046759711975,0.27393344709442385,0.23061425336466837,0.27800899726118045
203,2009-06-09 17:00:00,0.3027569721115537,0.27392280459341556,0.23039400026157986,0.27800899726118045
204,2009-06-09 18:00:00,0.3029104592228536,0.2739121625058757,0.23017396618516686,0.27800899726118045
205,2009-06-09 19:00:00,0.30306515133020245,0.2739015208317882,0.2299541411534069,0.27800899726118045
206,2009-06-09 20:00:00,0.30322106267979004,0.273890879571137,0.22973451698799086,0.27800899726118045
207,2009-06-09 21:00:00,0.303378207743264,0.273880238723906,0.22951509276581877,0.27800899726118045
208,2009-06-09 22:00:00,0.3035366012222078,0.2738695982900791,0.2292958745788089,0.27800899726118045
209,2009-06-09 23:00:00,0.3036962580527254,0.27385895826964035,0.22907687036075117,0.27800899726118045
210,2009-06-10 00:00:00,0.30385719341013645,0.27384831866257364,0.22885808394786783,0.27800899726118045
211,2009-06-10 01:00:00,0.30401942271378474,0.2738376794688629,0.22863951265027815,0.27800899726118045
212,2009-06-10 02:00:00,0.3041829616319628,0.27382704068849206,0.22842114968746827,0.27800899726118045
213,2009-06-10 03:00:00,0.3043478260869565,0.2738164023214451,0.22820298926294727,0.27800899726118045
214,2009-06-10 04:00:00,0.30451403226021284,0.27380576436770593,0.22798503041822876,0.27800899726118045
215,2009-06-10 05:00:00,0.3046815965976341,0.2737951268272585,0.22776727706864983,0.27800899726118045
216,2009-06-10 06:00:00,0.3048505358150028,0.27378448970008673,0.22754973459103203,0.27800899726118045
217,2009-06-10 07:00:00,0.30502086690354036,0.2737738529861746,0.2273324057318192,0.27800899726118045
218,2009-06-10 08:00:00,0.30519260713560353,0.2737632166855061,0.22711528879792917,0.27800899726118045
219,2009-06-10 09:00:00,0.30536577407052395,0.2737525807980651,0.2268983791726357,0.27800899726118045
220,2009-06-10 10:00:00,0.305540385560592,0.27374194532383556,0.2266816727409955,0.27800899726118045
221,2009-06-10 11:00:00,0.3057164597571927,0.2737313102628015,0.226465168606247,0.27800899726118045
222,2009-06-10 12:00:00,0.3058940151170955,0.27372067561494684,0.22624886925069254,0.27800899726118045
223,2009-06-10 13:00:00,0.30607307040890397,0.27371004138025545,0.2260327782918396,0.27800899726118045
224,2009-06-10 14:00:00,0.30625364471966904,0.2736994075587113,0.22581689766860089,0.27800899726118045
225,2009-06-10 15:00:00,0.3064357574616719,0.27368877415029835,0.22560122630526924,0.27800899726118045
226,2009-06-10 16:00:00,0.30661942837938133,0.27367814115500055,0.2253857610445529,0.27800899726118045
227,2009-06-10 17:00:00,0.30680467755658847,0.27366750857280187,0.2251704989553349,0.27800899726118045
228,2009-06-10 18:00:00,0.3069915254237289,0.2736568764036862,0.22495543924182165,0.27800899726118045
229,2009-06-10 19:00:00,0.30717999276539304,0.27364624464763754,0.22474058344605066,0.27800899726118045
230,2009-06-10 20:00:00,0.3073701007280343,0.2736356133046398,0.22452593397729653,0.27800899726118045
231,2009-06-10 21:00:00,0.30756187082787784,0.27362498237467703,0.2243114921809032,0.27800899726118045
232,2009-06-10 22:00:00,0.3077553249590388,0.27361435185773314,0.2240972573590707,0.27800899726118045
233,2009-06-10 23:00:00,0.30795048540185505,0.2736037217537921,0.22388322733714677,0.27800899726118045
234,2009-06-11 00:00:00,0.30814737483144117,0.27359309206283783,0.22366940001522295,0.27800899726118045
235,2009-06-11 01:00:00,0.30834601632647113,0.27358246278485426,0.22345577470643935,0.27800899726118045
236,2009-06-11 02:00:00,0.3085464333781964,0.2735718339198254,0.2232423523381971,0.27800899726118045
237,2009-06-11 03:00:00,0.30874864989970685,0.2735612054677352,0.2230291344917766,0.27800899726118045
238,2009-06-11 04:00:00,0.30895269023544175,0.2735505774285676,0.22281612207935655,0.27800899726118045
239,2009-06-11 05:00:00,0.3091585791709607,0.2735399498023065,0.22260331463101368,0.27800899726118045
240,2009-06-11 06:00:00,0.3093663419429798,0.2735293225889359,0.2223907106324658,0.27800899726118045
241,2009-06-11 07:00:00,0.3095760042496839,0.2735186957884398,0.22217830856609583,0.27800899726118045
242,2009-06-11 08:00:00,0.30978759226132313,0.27350806940080213,0.2219661078467074,0.27800899726118045
243,2009-06-11 09:00:00,0.31000113263110207,0.2734974434260069,0.22175410900155634,0.27800899726118045
244,2009-06-11 10:00:00,0.31021665250637215,0.27348681786403806,0.22154231304564348,0.27800899726118045
245,2009-06-11 11:00:00,0.310434179540137,0.27347619271487955,0.22133072057707737,0.27800899726118045
246,2009-06-11 12:00:00,0.3106537419028805,0.27346556797851534,0.2211193312608476,0.27800899726118045
247,2009-06-11 13:00:00,0.31087536829472806,0.2734549436549294,0.22090814402565873,0.27800899726118045
248,2009-06-11 14:00:00,0.3110990879579534,0.27344431974410566,0.22069715776089838,0.27800899726118045
249,2009-06-11 15:00:00,0.31132493068983996,0.2734336962460281,0.22048637196938015,0.27800899726118045
250,2009-06-11 16:00:00,0.31155292685591235,0.27342307316068065,0.22027578691910443,0.27800899726118045
251,2009-06-11 17:00:00,0.31178310740354537,0.2734124504880473,0.22006540323863583,0.27800899726118045
252,2009-06-11 18:00:00,0.312015503875969,0.273401828228112,0.21985522129966156,0.27800899726118045
253,2009-06-11 19:00:00,0.31225014842667725,0.27339120638085873,0.2196452408451435,0.27800899726118045
254,2009-06-11 20:00:00,0.3124870738342587,0.2733805849462715,0.21943546110044426,0.27800899726118045
255,2009-06-11 21:00:00,0.31272631351766145,0.2733699639243342,0.21922588123890138,0.27800899726118045
256,2009-06-11 22:00:00,0.312967901551907,0.27335934331503087,0.21901650083610794,0.27800899726118045
257,2009-06-11 23:00:00,0.31321187268426953,0.2733487231183454,0.21880731999300299,0.27800899726118045
258,2009-06-12 00:00:00,0.3134582623509369,0.2733381033342618,0.21859833907505571,0.27800899726118045
259,2009-06-12 01:00:00,0.31370710669416846,0.273327483962764,0.21838955829161455,0.27800899726118045
260,2009-06-12 02:00:00,0.3139584425799686,0.2733168650038361,0.2181809774292662,0.27800899726118045
261,2009-06-12 03:00:00,0.3142123076162949,0.273306246457462,0.21797259591171886,0.27800899726118045
262,2009-06-12 04:00:00,0.3144687401718173,0.27329562832362564,0.21776441311007919,0.27800899726118045
263,2009-06-12 05:00:00,0.3147277793952502,0.27328501060231103,0.2175564286583209,0.27800899726118045
264,2009-06-12 06:00:00,0.31498946523527643,0.2732743932935021,0.2173486425504429,0.27800899726118045
265,2009-06-12 07:00:00,0.31525383846108596,0.2732637763971829,0.21714105497324582,0.27800899726118045
266,2009-06-12 08:00:00,0.31552094068354986,0.2732531599133373,0.21693366602028372,0.27800899726118045
267,2009-06-12 09:00:00,0.31579081437705375,0.27324254384194935,0.2167264755014528,0.27800899726118045
268,2009-06-12 10:00:00,0.3160635029020143,0.27323192818300296,0.21651948297289902,0.27800899726118045
269,2009-06-12 11:00:00,0.31633905052810407,0.27322131293648216,0.2163126879432939,0.27800899726118045
270,2009-06-12 12:00:00,0.3166175024582105,0.273210698102371,0.21610609009244508,0.27800899726118045
271,2009-06-12 13:00:00,0.31689890485315675,0.2732000836806533,0.21589968934644965,0.27800899726118045
272,2009-06-12 14:00:00,0.3171833048572126,0.27318946967131313,0.21569348577113026,0.27800899726118045
273,2009-06-12 15:00:00,0.3174707506244249,0.27317885607433445,0.2154874793778744,0.27800899726118045
274,2009-06-12 16:00:00,0.317761291345798,0.27316824288970126,0.215281669988174,0.27800899726118045
275,2009-06-12 17:00:00,0.318054977277358,0.2731576301173976,0.2150760572465208,0.27800899726118045
276,2009-06-12 18:00:00,0.31835185976913216,0.27314701775740735,0.21487064075719337,0.27800899726118045
277,2009-06-12 19:00:00,0.31865199129508065,0.27313640580971454,0.2146654202354325,0.27800899726118045
278,2009-06-12 20:00:00,0.3189554254840162,0.2731257942743031,0.2144603955646705,0.27800899726118045
279,2009-06-12 21:00:00,0.31926221715154973,0.273115183151157,0.21425556672909377,0.27800899726118045
280,2009-06-12 22:00:00,0.3195724223331026,0.27310457244026026,0.21405093368210185,0.27800899726118045
281,2009-06-12 23:00:00,0.31988609831802745,0.27309396214159687,0.2138464962502683,0.27800899726118045
282,2009-06-13 00:00:00,0.3202033036848793,0.2730833522551508,0.21364225413700355,0.27800899726118045
283,2009-06-13 01:00:00,0.32052409833788603,0.27307274278090604,0.21343820701301283,0.27800899726118045
284,2009-06-13 02:00:00,0.32084854354466213,0.2730621337188466,0.2132343546206305,0.27800899726118045
285,2009-06-13 03:00:00,0.32117670197521847,0.2730515250689564,0.213030696816857,0.27800899726118045
286,2009-06-13 04:00:00,0.32150863774231836,0.27304091683121956,0.21282723353102356,0.27800899726118045
287,2009-06-13 05:00:00,0.321844416443236,0.27303030900562,0.21262396467584668,0.27800899726118045
288,2009-06-13 06:00:00,0.32218410520297314,0.2730197015921416,0.21242089007955492,0.27800899726118045
289,2009-06-13 07:00:00,0.32252777271899474,0.2730090945907685,0.21221800948488057,0.27800899726118045
290,2009-06-13 08:00:00,0.32287548930754545,0.2729984880014846,0.21201532260870706,0.27800899726118045
291,2009-06-13 09:00:00,0.3232273269516135,0.2729878818242739,0.21181282921393424,0.27800899726118045
292,2009-06-13 10:00:00,0.32358335935060883,0.2729772760591205,0.21161052914151027,0.27800899726118045
293,2009-06-13 11:00:00,0.323943661971831,0.2729666707060082,0.21140842228410855,0.27800899726118045
294,2009-06-13 12:00:00,0.3243083121037976,0.27295606576492115,0.21120650852609843,0.27800899726118045
295,2009-06-13 13:00:00,0.32467738891151665,0.2729454612358433,0.21100478769572278,0.27800899726118045
296,2009-06-13 14:00:00,0.32505097349378326,0.2729348571187586,0.21080325956201754,0.27800899726118045
297,2009-06-13 15:00:00,0.3254291489425891,0.27292425341365106,0.21060192387402127,0.27800899726118045
298,2009-06-13 16:00:00,0.3258120004047354,0.27291365012050467,0.21040078041018156,0.27800899726118045
299,2009-06-13 17:00:00,0.3261996151457457,0.2729030472393034,0.21019982900198858,0.27800899726118045
300,2009-06-13 18:00:00,0.3265920826161789,0.2728924447700313,0.20999906951779673,0.27800899726118045
301,2009-06-13 19:00:00,0.32698949452044906,0.27288184271267224,0.20979850182239138,0.27800899726118045
302,2009-06-13 20:00:00,0.32739194488826184,0.2728712410672104,0.20959812574338602,0.27800899726118045
303,2009-06-13 21:00:00,0.3277995301487863,0.2728606398336297,0.20939794106749432,0.27800899726118045
304,2009-06-13 22:00:00,0.3282123492076836,0.2728500390119141,0.20919794756621768,0.27800899726118045
305,2009-06-13 23:00:00,0.32863050352712236,0.27283943860204773,0.20899814502974756,0.27800899726118045
306,2009-06-14 00:00:00,0.32905409720891615,0.2728288386040145,0.20879853328427472,0.27800899726118045
307,2009-06-14 01:00:00,0.329483237080927,0.27281823901779845,0.2085991121821853,0.27800899726118045
308,2009-06-14 02:00:00,0.32991803278688525,0.2728076398433835,0.20839988157488187,0.27800899726118045
309,2009-06-14 03:00:00,0.3303585968797837,0.27279704108075375,0.2082008412892355,0.27800899726118045
310,2009-06-14 04:00:00,0.3308050449190146,0.27278644272989316,0.20800199112393658,0.27800899726118045
311,2009-06-14 05:00:00,0.3312574955714238,0.27277584479078576,0.20780333086626263,0.27800899726118045
312,2009-06-14 06:00:00,0.33171607071646947,0.2727652472634155,0.2076048603152994,0.27800899726118045
313,2009-06-14 07:00:00,0.3321808955556795,0.2727546501477664,0.2074065792945356,0.27800899726118045
314,2009-06-14 08:00:00,0.33265209872661533,0.2727440534438224,0.20720848764602906,0.27800899726118045
315,2009-06-14 09:00:00,0.33312981242155965,0.2727334571515676,0.2070105852121753,0.27800899726118045
316,2009-06-14 10:00:00,0.3336141725111577,0.27272286127098594,0.20681287181924646,0.27800899726118045
317,2009-06-14 11:00:00,0.33313618818499174,0.2727122658020614,0.20661534727415182,0.27800899726118045
318,2009-06-14 12:00:00,0.33081612150043754,0.2727016707447781,0.20641801137534066,0.27800899726118045
319,2009-06-14 13:00:00,0.3269651804915756,0.2726910760991199,0.20622086392867695,0.27800899726118045
320,2009-06-14 14:00:00,0.32204372224800526,0.272680481865071,0.2060239047565531,0.27800899726118045
321,2009-06-14 15:00:00,0.31653961948938825,0.27266988804261527,0.20582713369449945,0.27800899726118045
322,2009-06-14 16:00:00,0.3108743609811418,0.27265929463173677,0.20563055057898139,0.27800899726118045
323,2009-06-14 17:00:00,0.30535830184054513,0.2726487016324195,0.20543415523591962,0.27800899726118045
324,2009-06-14 18:00:00,0.3001877627613687,0.27263810904464747,0.20523794747797336,0.27800899726118045
325,2009-06-14 19:00:00,0.29522944886937474,0.2726275168684047,0.20504192711159752,0.27800899726118045
326,2009-06-14 20:00:00,0.29171856034809207,0.2726169251036752,0.20484609394787595,0.27800899726118045
327,2009-06-14 21:00:00,0.2909126073877041,0.27260633375044296,0.20465044780908298,0.27800899726118045
328,2009-06-14 22:00:00,0.28939077045846423,0.27259574280869203,0.2044549885267773,0.27800899726118045
329,2009-06-14 23:00:00,0.2863093356832714,0.2725851522784064,0.20425971593365133,0.27800899726118045
330,2009-06-15 00:00:00,0.28373499216690307,0.2725745621595701,0.20406462985554497,0.27800899726118045
331,2009-06-15 01:00:00,0.2811801429642951,0.2725639724521671,0.20386973010924825,0.27800899726118045
332,2009-06-15 02:00:00,0.2793071212581443,0.2725533831561815,0.20367501650704886,0.27800899726118045
333,2009-06-15 03:00:00,0.2781125181199334,0.2725427942715972,0.20348048886410988,0.27800899726118045
334,2009-06-15 04:00:00,0.2769805539194898,0.2725322057983983,0.20328614700317393,0.27800899726118045
335,2009-06-15 05:00:00,0.275126637249345,0.2725216177365688,0.20309199075354106,0.27800899726118045
336,2009-06-15 06:00:00,0.2721725607651902,0.2725110300860927,0.20289801994563927,0.27800899726118045
337,2009-06-15 07:00:00,0.26960981945386603,0.27250044284695396,0.20270423440547974,0.27800899726118045
338,2009-06-15 08:00:00,0.2684040907775239,0.2724898560191367,0.2025106339529259,0.27800899726118045
339,2009-06-15 09:00:00,0.2670104675268833,0.272479269602625,0.2023172184046076,0.27800899726118045
340,2009-06-15 10:00:00,0.26444452270272806,0.2724686835974027,0.2021239875789378,0.27800899726118045
341,2009-06-15 11:00:00,0.2619947116611336,0.272458098003454,0.20193094129946926,0.27800899726118045
342,2009-06-15 12:00:00,0.2602317316242152,0.2724475128207628,0.20173807939438992,0.27800899726118045
343,2009-06-15 13:00:00,0.2590403231131413,0.27243692804931313,0.20154540169291416,0.27800899726118045
344,2009-06-15 14:00:00,0.2579207019955923,0.272426343689089,0.20135290802144118,0.27800899726118045
345,2009-06-15 15:00:00,0.25711397634982,0.27241575974007454,0.2011605982022188,0.27800899726118045
346,2009-06-15 16:00:00,0.25611863252357,0.2724051762022537,0.2009684720551989,0.27800899726118045
347,2009-06-15 17:00:00,0.2548782830639185,0.2723945930756105,0.20077652940144264,0.27800899726118045
348,2009-06-15 18:00:00,0.25413503502402174,0.27238401036012894,0.2005847700655059,0.27800899726118045
349,2009-06-15 19:00:00,0.25354522782298433,0.2723734280557931,0.20039319387522897,0.27800899726118045
350,2009-06-15 20:00:00,0.2534994279671639,0.272362846162587,0.20020180065934198,0.27800899726118045
351,2009-06-15 21:00:00,0.253245330558142,0.27235226468049467,0.2000105902448105,0.27800899726118045
352,2009-06-15 22:00:00,0.25307124184201385,0.2723416836095002,0.199819562455818,0.27800899726118045
353,2009-06-15 23:00:00,0.25334663140846747,0.2723311029495875,0.1996287171149408,0.27800899726118045
354,2009-06-16 00:00:00,0.2532100009158348,0.27232052270074064,0.19943805404545295,0.27800899726118045
355,2009-06-16 01:00:00,0.25325434026584553,0.27230994286294363,0.1992475730730181,0.27800899726118045
356,2009-06-16 02:00:00,0.2530769407072953,0.27229936343618055,0.19905727402563472,0.27800899726118045
357,2009-06-16 03:00:00,0.2524903211584299,0.2722887844204354,0.19886715673205463,0.27800899726118045
358,2009-06-16 04:00:00,0.2511110803439157,0.27227820581569223,0.19867722101994956,0.27800899726118045
359,2009-06-16 05:00:00,0.24776367114244988,0.272267627621935,0.19848746671514889,0.27800899726118045
360,2009-06-16 06:00:00,0.24358740432724169,0.2722570498391479,0.19829789364237488,0.27800899726118045
361,2009-06-16 07:00:00,0.2391976902608293,0.2722464724673148,0.19810850162680155,0.27800899726118045
362,2009-06-16 08:00:00,0.2339455994212277,0.2722358955064198,0.19791929049525026,0.27800899726118045
363,2009-06-16 09:00:00,0.2285547319533725,0.2722253189564469,0.19773026007621353,0.27800899726118045
364,2009-06-16 10:00:00,0.22583968134898416,0.27221474281738023,0.19754141019881183,0.27800899726118045
365,2009-06-16 11:00:00,0.22360546629933714,0.27220416708920375,0.1973527406915321,0.27800899726118045
366,2009-06-16 12:00:00,0.21830566389784978,0.2721935917719015,0.19716425138166016,0.27800899726118045
367,2009-06-16 13:00:00,0.21102127115788985,0.27218301686545754,0.19697594209573757,0.27800899726118045
368,2009-06-16 14:00:00,0.20297609396674413,0.2721724423698559,0.1967878126606134,0.27800899726118045
369,2009-06-16 15:00:00,0.19445186376878215,0.2721618682850806,0.19659986290428572,0.27800899726118045
370,2009-06-16 16:00:00,0.18557709636724082,0.27215129461111576,0.19641209265596055,0.27800899726118045
371,2009-06-16 17:00:00,0.17652405809500263,0.2721407213479453,0.19622450174536665,0.27800899726118045
372,2009-06-16 18:00:00,0.16617901547742328,0.2721301484955534,0.19603709000188674,0.27800899726118045
373,2009-06-16 19:00:00,0.15464639464033036,0.272119576053924,0.19584985725414086,0.27800899726118045
374,2009-06-16 20:00:00,0.14146048882890985,0.27210900402304117,0.19566280333026514,0.27800899726118045
375,2009-06-16 21:00:00,0.12691452424608898,0.2720984324028889,0.19547592805862138,0.27800899726118045
376,2009-06-16 22:00:00,0.11197285112062369,0.2720878611934513,0.19528923126838765,0.27800899726118045
377,2009-06-16 23:00:00,0.0957760147098883,0.2720772903947124,0.1951027127896265,0.27800899726118045
378,2009-06-17 00:00:00,0.07800544618543812,0.2720667200066562,0.1949163724528365,0.27800899726118045
379,2009-06-17 01:00:00,0.05769754320744264,0.27205615002926675,0.19473021008835661,0.27800899726118045
380,2009-06-17 02:00:00,0.03553892452680762,0.2720455804625281,0.19454422552606015,0.27800899726118045
381,2009-06-17 03:00:00,0.01248606001229842,0.27203501130642427,0.19435841859552494,0.27800899726118045
382,2009-06-17 04:00:00,-0.009040743325772137,0.2720244425609394,0.19417278912650743,0.27800899726118045
383,2009-06-17 05:00:00,-0.018824763435100835,0.2720138742260575,0.19398733694935982,0.27800899726118045
384,2009-06-17 06:00:00,-0.01873733018244529,0.2720033063017626,0.19380206189509247,0.27800899726118045
385,2009-06-17 07:00:00,-0.01826138939959618,0.2719927387880388,0.193616963795084,0.27800899726118045
386,2009-06-17 08:00:00,-0.018569392989455688,0.2719821716848701,0.1934320424806722,0.27800899726118045
387,2009-06-17 09:00:00,-0.01888279683316139,0.2719716049922406,0.19324729778293126,0.27800899726118045
388,2009-06-17 10:00:00,-0.01871645382195079,0.2719610387101343,0.19306272953277276,0.27800899726118045
389,2009-06-17 11:00:00,-0.01906367083850543,0.2719504728385352,0.19287833756126482,0.27800899726118045
390,2009-06-17 12:00:00,-0.01981052775064182,0.2719399073774274,0.19269412169992112,0.27800899726118045
391,2009-06-17 13:00:00,-0.020157995096703896,0.271929342326795,0.19251008178075943,0.27800899726118045
392,2009-06-17 14:00:00,-0.02027877646845335,0.271918777686622,0.19232621763611124,0.27800899726118045
393,2009-06-17 15:00:00,-0.02046906380130033,0.2719082134568924,0.19214252909834212,0.27800899726118045
394,2009-06-17 16:00:00,-0.0192178897780805,0.2718976496375904,0.19195901599969206,0.27800899726118045
395,2009-06-17 17:00:00,-0.01847037587839291,0.27188708622869995,0.19177567817233265,0.27800899726118045
396,2009-06-17 18:00:00,-0.01978658190487002,0.27187652323020517,0.19159251544858058,0.27800899726118045
397,2009-06-17 19:00:00,-0.01992619926199262,0.27186596064209,0.19140952766110014,0.27800899726118045
398,2009-06-17 20:00:00,-0.01943726443561335,0.2718553984643386,0.1912267146429511,0.27800899726118045
399,2009-06-17 21:00:00,-0.019087399896295487,0.271844836696935,0.19104407622746566,0.27800899726118045
400,2009-06-17 22:00:00,-0.018737777777777777,0.27183427533986326,0.1908616122480577,0.27800899726118045
401,2009-06-17 23:00:00,-0.018459029957898367,0.2718237143931075,0.190679322538108,0.27800899726118045
402,2009-06-18 00:00:00,-0.01890057560843894,0.2718131538566517,0.19049720693099548,0.27800899726118045
403,2009-06-18 01:00:00,-0.01949679353301064,0.27180259373048,0.1903152652602404,0.27800899726118045
404,2009-06-18 02:00:00,-0.02015787470690053,0.2717920340145763,0.19013349735964505,0.27800899726118045
405,2009-06-18 03:00:00,-0.020620706575073623,0.2717814747089248,0.18995190306333132,0.27800899726118045
406,2009-06-18 04:00:00,-0.020873423462071144,0.27177091581350943,0.189770482205663,0.27800899726118045
407,2009-06-18 05:00:00,-0.021789074911401644,0.2717603573283144,0.189589234621115,0.27800899726118045
408,2009-06-18 06:00:00,-0.022527291978531528,0.27174979925332365,0.18940816014419065,0.27800899726118045
409,2009-06-18 07:00:00,-0.022531310211946032,0.27173924158852136,0.1892272586094393,0.27800899726118045
410,2009-06-18 08:00:00,-0.022186403716696626,0.2717286843338915,0.18904652985155032,0.27800899726118045
411,2009-06-18 09:00:00,-0.022509310986964532,0.2717181274894182,0.1888659737054513,0.27800899726118045
412,2009-06-18 10:00:00,-0.02194781094641341,0.2717075710550855,0.1886855900063381,0.27800899726118045
413,2009-06-18 11:00:00,-0.020970123821424536,0.2716970150308774,0.1885053785896243,0.27800899726118045
414,2009-06-18 12:00:00,-0.020222938946415418,0.27168645941677805,0.1883253392908527,0.27800899726118045
415,2009-06-18 13:00:00,-0.01917873356957667,0.27167590421277155,0.18814547194563647,0.27800899726118045
416,2009-06-18 14:00:00,-0.01818822139416521,0.2716653494188419,0.18796577638966666,0.27800899726118045
417,2009-06-18 15:00:00,-0.018142912426870654,0.27165479503497314,0.18778625245877653,0.27800899726118045
418,2009-06-18 16:00:00,-0.02019340159271904,0.27164424106114937,0.1876068999890076,0.27800899726118045
419,2009-06-18 17:00:00,-0.020584888484296772,0.2716336874973547,0.18742771881663395,0.27800899726118045
420,2009-06-18 18:00:00,-0.017686223183292552,0.2716231343435732,0.1872487087781291,0.27800899726118045
421,2009-06-18 19:00:00,-0.016134909248252168,0.27161258159978896,0.18706986971010736,0.27800899726118045
422,2009-06-18 20:00:00,-0.01638616229019112,0.271602029265986,0.1868912014492803,0.27800899726118045
423,2009-06-18 21:00:00,-0.015863417501186812,0.27159147734214834,0.18671270383246097,0.27800899726118045
424,2009-06-18 22:00:00,-0.015109374655100124,0.2715809258282601,0.186534376696605,0.27800899726118045
425,2009-06-18 23:00:00,-0.01524551427985715,0.27157037472430534,0.18635621987885762,0.27800899726118045
426,2009-06-19 00:00:00,-0.015096365490954031,0.2715598240302681,0.18617823321657123,0.27800899726118045
427,2009-06-19 01:00:00,-0.014306905150915795,0.2715492737461326,0.186000416547285,0.27800899726118045
428,2009-06-19 02:00:00,-0.013006153448943587,0.27153872387188277,0.18582276970868397,0.27800899726118045
429,2009-06-19 03:00:00,-0.012461804460586553,0.27152817440750276,0.1856452925385694,0.27800899726118045
430,2009-06-19 04:00:00,-0.01218124993097658,0.27151762535297663,0.1854679848748594,0.27800899726118045
431,2009-06-19 05:00:00,-0.011327907236035214,0.27150707670828844,0.18529084655561656,0.27800899726118045
432,2009-06-19 06:00:00,-0.010672801750743506,0.2714965284734223,0.18511387741907928,0.27800899726118045
433,2009-06-19 07:00:00,-0.009911307952833482,0.27148598064836227,0.18493707730367653,0.27800899726118045
434,2009-06-19 08:00:00,-0.009291721087967757,0.2714754332330924,0.18476044604801317,0.27800899726118045
435,2009-06-19 09:00:00,-0.008822135118572754,0.2714648862275969,0.18458398349084368,0.27800899726118045
436,2009-06-19 10:00:00,-0.008819302799925873,0.2714543396318597,0.1844076894710509,0.27800899726118045
437,2009-06-19 11:00:00,-0.008191870786582062,0.27144379344586494,0.18423156382764466,0.27800899726118045
438,2009-06-19 12:00:00,-0.007752479396563767,0.27143324766959664,0.18405560639978052,0.27800899726118045
439,2009-06-19 13:00:00,-0.008568173363095217,0.27142270230303894,0.1838798170267816,0.27800899726118045
440,2009-06-19 14:00:00,-0.00978779595051659,0.2714121573461759,0.18370419554814837,0.27800899726118045
441,2009-06-19 15:00:00,-0.010188993114920754,0.27140161279899166,0.18352874180355055,0.27800899726118045
442,2009-06-19 16:00:00,-0.009590054074039818,0.2713910686614703,0.18335345563280864,0.27800899726118045
443,2009-06-19 17:00:00,-0.011107775442809947,0.2713805249335959,0.1831783368758789,0.27800899726118045
444,2009-06-19 18:00:00,-0.012757662094978814,0.2713699816153524,0.18300338537285188,0.27800899726118045
445,2009-06-19 19:00:00,-0.012637737463433833,0.2713594387067241,0.18282860096396486,0.27800899726118045
446,2009-06-19 20:00:00,-0.012908248033554497,0.27134889620769487,0.1826539834896167,0.27800899726118045
447,2009-06-19 21:00:00,-0.014035046783489281,0.2713383541182489,0.18247953279037435,0.27800899726118045
448,2009-06-19 22:00:00,-0.014505669758551566,0.27132781243837034,0.1823052487069688,0.27800899726118045
449,2009-06-19 23:00:00,-0.013695716395864128,0.2713172711680432,0.18213113108028187,0.27800899726118045
450,2009-06-20 00:00:00,-0.01282433286056522,0.2713067303072516,0.1819571797513364,0.27800899726118045
451,2009-06-20 01:00:00,-0.013256186019655745,0.27129618985597964,0.181783394561294,0.27800899726118045
452,2009-06-20 02:00:00,-0.015034223756738792,0.2712856498142113,0.18160977535146347,0.27800899726118045
453,2009-06-20 03:00:00,-0.01446055175892677,0.2712751101819308,0.18143632196331008,0.27800899726118045
454,2009-06-20 04:00:00,-0.013144077495781881,0.27126457095912215,0.18126303423846252,0.27800899726118045
455,2009-06-20 05:00:00,-0.012711469450529008,0.2712540321457695,0.18108991201870822,0.27800899726118045
456,2009-06-20 06:00:00,-0.012446267848293826,0.27124349374185686,0.18091695514598521,0.27800899726118045
457,2009-06-20 07:00:00,-0.012614457146107077,0.27123295574736844,0.18074416346237562,0.27800899726118045
458,2009-06-20 08:00:00,-0.012447527330684426,0.2712224181622883,0.18057153681010285,0.27800899726118045
459,2009-06-20 09:00:00,-0.01198886510585915,0.27121188098660054,0.18039907503153838,0.27800899726118045
460,2009-06-20 10:00:00,-0.01176509468257378,0.27120134422028924,0.18022677796920683,0.27800899726118045
461,2009-06-20 11:00:00,-0.0119007103099235,0.2711908078633385,0.18005464546579114,0.27800899726118045
462,2009-06-20 12:00:00,-0.011506218837323985,0.27118027191573235,0.17988267736412983,0.27800899726118045
463,2009-06-20 13:00:00,-0.011111477101793008,0.271169736377455,0.17971087350721213,0.27800899726118045
464,2009-06-20 14:00:00,-0.010947660281448373,0.27115920124849047,0.17953923373817204,0.27800899726118045
465,2009-06-20 15:00:00,-0.010469934755774976,0.27114866652882286,0.17936775790028692,0.27800899726118045
466,2009-06-20 16:00:00,-0.009869980921712816,0.2711381322184363,0.17919644583698188,0.27800899726118045
467,2009-06-20 17:00:00,-0.009336923891930074,0.27112759831731487,0.17902529739183348,0.27800899726118045
468,2009-06-20 18:00:00,-0.009733623537470563,0.2711170648254427,0.17885431240857222,0.27800899726118045
469,2009-06-20 19:00:00,-0.010739277278647291,0.27110653174280386,0.17868349073108258,0.27800899726118045
470,2009-06-20 20:00:00,-0.009806730281860835,0.2710959990693825,0.17851283220339798,0.27800899726118045
471,2009-06-20 21:00:00,-0.00815193443200844,0.27108546680516266,0.17834233666969754,0.27800899726118045
472,2009-06-20 22:00:00,-0.00806273956910605,0.27107493495012847,0.1781720039743051,0.27800899726118045
473,2009-06-20 23:00:00,-0.008106441096131838,0.27106440350426403,0.17800183396169167,0.27800899726118045
474,2009-06-21 00:00:00,-0.007522523514769739,0.2710538724675534,0.17783182647647722,0.27800899726118045
475,2009-06-21 01:00:00,-0.006802646207359628,0.2710433418399807,0.17766198136343453,0.27800899726118045
476,2009-06-21 02:00:00,-0.005746050965930982,0.27103281162153003,0.17749229846748663,0.27800899726118045
477,2009-06-21 03:00:00,-0.005270063174606695,0.2710222818121856,0.17732277763370524,0.27800899726118045
478,2009-06-21 04:00:00,-0.004654299422911053,0.27101175241193143,0.17715341870730808,0.27800899726118045
479,2009-06-21 05:00:00,-0.003103559117259134,0.2710012234207516,0.17698422153365784,0.27800899726118045
480,2009-06-21 06:00:00,-0.0012216207754690478,0.27099069483863025,0.176815185958263,0.27800899726118045
481,2009-06-21 07:00:00,0.00026244513018981,0.27098016666555147,0.1766463118267813,0.27800899726118045
482,2009-06-21 08:00:00,0.0019025388789468763,0.2709696389014994,0.17647759898501925,0.27800899726118045
483,2009-06-21 09:00:00,0.0038670037458621714,0.27095911154645813,0.1763090472789331,0.27800899726118045
484,2009-06-21 10:00:00,0.005524038737035168,0.2709485846004118,0.1761406565546262,0.27800899726118045
485,2009-06-21 11:00:00,0.006880517970847944,0.2709380580633445,0.17597242665834806,0.27800899726118045
486,2009-06-21 12:00:00,0.007860398717103177,0.2709275319352402,0.17580435743649236,0.27800899726118045
487,2009-06-21 13:00:00,0.00977410252038799,0.27091700621608317,0.17563644873559897,0.27800899726118045
488,2009-06-21 14:00:00,0.012543177504465436,0.2709064809058575,0.17546870040235485,0.27800899726118045
489,2009-06-21 15:00:00,0.014388578522656757,0.27089595600454736,0.17530111228359438,0.27800899726118045
490,2009-06-21 16:00:00,0.015790260891861294,0.27088543151213684,0.17513368422630005,0.27800899726118045
491,2009-06-21 17:00:00,0.018286022921908604,0.27087490742861,0.17496641607760055,0.27800899726118045
492,2009-06-21 18:00:00,0.02093512592116807,0.27086438375395094,0.17479930768476992,0.27800899726118045
493,2009-06-21 19:00:00,0.023070725852745052,0.27085386048814386,0.17463235889522655,0.27800899726118045
494,2009-06-21 20:00:00,0.02383269168394183,0.27084333763117285,0.17446556955653358,0.27800899726118045
495,2009-06-21 21:00:00,0.023981209603060903,0.270832815183022,0.17429893951640085,0.27800899726118045
496,2009-06-21 22:00:00,0.025013562521909255,0.27082229314367545,0.1741324686226833,0.27800899726118045
497,2009-06-21 23:00:00,0.026337973466939286,0.2708117715131173,0.17396615672338359,0.27800899726118045
498,2009-06-22 00:00:00,0.027354943950691775,0.2708012502913317,0.173800003666649,0.27800899726118045
499,2009-06-22 01:00:00,0.029041717907482778,0.2707907294783026,0.17363400930077091,0.27800899726118045
500,2009-06-22 02:00:00,0.030661870342472582,0.27078020907401434,0.1734681734741857,0.27800899726118045
501,2009-06-22 03:00:00,0.03072988247784562,0.2707696890784509,0.1733024960354731,0.27800899726118045
502,2009-06-22 04:00:00,0.0307972527744656,0.2707591694915964,0.17313697683335819,0.27800899726118045
503,2009-06-22 05:00:00,0.030808387783011697,0.27074865031343504,0.1729716157167106,0.27800899726118045
504,2009-06-22 06:00:00,0.03022371273158568,0.27073813154395093,0.17280641253454562,0.27800899726118045
505,2009-06-22 07:00:00,0.028556373996671568,0.2707276131831282,0.17264136713602263,0.27800899726118045
506,2009-06-22 08:00:00,0.026680578875242007,0.27071709523095094,0.1724764793704444,0.27800899726118045
507,2009-06-22 09:00:00,0.023514588684960654,0.27070657768740325,0.17231174908725755,0.27800899726118045
508,2009-06-22 10:00:00,0.01928619463925458,0.2706960605524693,0.17214717613605193,0.27800899726118045
509,2009-06-22 11:00:00,0.015197209832112228,0.27068554382613325,0.1719827603665608,0.27800899726118045
510,2009-06-22 12:00:00,0.010346356416116965,0.2706750275083792,0.1718185016286618,0.27800899726118045
511,2009-06-22 13:00:00,0.005453688749163855,0.27066451159919125,0.17165439977237623,0.27800899726118045
512,2009-06-22 14:00:00,-0.00011479849944743894,0.27065399609855356,0.17149045464786894,0.27800899726118045
513,2009-06-22 15:00:00,-0.006207414951140833,0.27064348100645025,0.17132666610544733,0.27800899726118045
514,2009-06-22 16:00:00,-0.011186335661106703,0.27063296632286543,0.17116303399556165,0.27800899726118045
515,2009-06-22 17:00:00,-0.014886825180229463,0.27062245204778324,0.1709995581688043,0.27800899726118045
516,2009-06-22 18:00:00,-0.018681808966828528,0.2706119381811878,0.17083623847591134,0.27800899726118045
517,2009-06-22 19:00:00,-0.022503535705918183,0.27060142472306314,0.1706730747677603,0.27800899726118045
518,2009-06-22 20:00:00,-0.02627430106709248,0.27059091167339355,0.1705100668953728,0.27800899726118045
519,2009-06-22 21:00:00,-0.0299104851410111,0.2705803990321631,0.17034721470991193,0.27800899726118045
520,2009-06-22 22:00:00,-0.0333278593466385,0.2705698867993559,0.1701845180626833,0.27800899726118045
521,2009-06-22 23:00:00,-0.03644756679140395,0.27055937497495613,0.17002197680513392,0.27800899726118045
522,2009-06-23 00:00:00,-0.03920195539689917,0.2705488635589479,0.16985959078885293,0.27800899726118045
523,2009-06-23 01:00:00,-0.04153939511379227,0.27053835255131536,0.16969735986557044,0.27800899726118045
524,2009-06-23 02:00:00,-0.04342737441173074,0.2705278419520426,0.16953528388715927,0.27800899726118045
525,2009-06-23 03:00:00,-0.044853506980093924,0.27051733176111376,0.16937336270563352,0.27800899726118045
526,2009-06-23 04:00:00,-0.044096958049380984,0.27050682197851295,0.16921159617314846,0.27800899726118045
527,2009-06-23 05:00:00,-0.042520295976469114,0.27049631260422435,0.16904998414200095,0.27800899726118045
528,2009-06-23 06:00:00,-0.04143806592622334,0.27048580363823216,0.16888852646462854,0.27800899726118045
529,2009-06-23 07:00:00,-0.04131167242526345,0.27047529508052043,0.16872722299360943,0.27800899726118045
530,2009-06-23 08:00:00,-0.04309832866717574,0.27046478693107334,0.16856607358166273,0.27800899726118045
531,2009-06-23 09:00:00,-0.04250475175971753,0.270454279189875,0.1684050780816484,0.27800899726118045
532,2009-06-23 10:00:00,-0.04015594541910324,0.2704437718569096,0.1682442363465671,0.27800899726118045
533,2009-06-23 11:00:00,-0.038880567923018486,0.27043326493216124,0.16808354822955981,0.27800899726118045
534,2009-06-23 12:00:00,-0.038769915699651616,0.27042275841561403,0.16792301358390777,0.27800899726118045
535,2009-06-23 13:00:00,-0.03776257740721248,0.27041225230725213,0.16776263226303262,0.27800899726118045
536,2009-06-23 14:00:00,-0.0353271941977019,0.27040174660705973,0.16760240412049485,0.27800899726118045
537,2009-06-23 15:00:00,-0.033105071688422874,0.27039124131502096,0.167442329009996,0.27800899726118045
538,2009-06-23 16:00:00,-0.03117146510294959,0.27038073643111993,0.1672824067853767,0.27800899726118045
539,2009-06-23 17:00:00,-0.03003723089416767,0.2703702319553408,0.16712263730061755,0.27800899726118045
540,2009-06-23 18:00:00,-0.029085508583861452,0.2703597278876677,0.16696302040983863,0.27800899726118045
541,2009-06-23 19:00:00,-0.028271638823697536,0.27034922422808483,0.16680355596729918,0.27800899726118045
542,2009-06-23 20:00:00,-0.02747930574654297,0.27033872097657624,0.16664424382739768,0.27800899726118045
543,2009-06-23 21:00:00,-0.02670314048435455,0.27032821813312613,0.16648508384467167,0.27800899726118045
544,2009-06-23 22:00:00,-0.02593773826015056,0.2703177156977186,0.16632607587379747,0.27800899726118045
545,2009-06-23 23:00:00,-0.02517751054542505,0.2703072136703379,0.1661672197695901,0.27800899726118045
546,2009-06-24 00:00:00,-0.024416514638464545,0.27029671205096806,0.16600851538700362,0.27800899726118045
547,2009-06-24 01:00:00,-0.023648247588554158,0.2702862108395933,0.16584996258113066,0.27800899726118045
548,2009-06-24 02:00:00,-0.022865386306435663,0.27027571003619777,0.16569156120720213,0.27800899726118045
549,2009-06-24 03:00:00,-0.02205944759128396,0.2702652096407656,0.16553331112058703,0.27800899726118045
550,2009-06-24 04:00:00,-0.022581152243967645,0.27025470965328097,0.16537521217679257,0.27800899726118045
551,2009-06-24 05:00:00,-0.023644670528943527,0.27024421007372795,0.16521726423146377,0.27800899726118045
552,2009-06-24 06:00:00,-0.024251256062814062,0.27023371090209075,0.16505946714038405,0.27800899726118045
553,2009-06-24 07:00:00,-0.024568389678052225,0.27022321213835354,0.16490182075947407,0.27800899726118045
554,2009-06-24 08:00:00,-0.024609666851855443,0.27021271378250045,0.1647443249447924,0.27800899726118045
555,2009-06-24 09:00:00,-0.027102064991823268,0.27020221583451565,0.16458697955253504,0.27800899726118045
556,2009-06-24 10:00:00,-0.032606718408925525,0.27019171829438327,0.16442978443903533,0.27800899726118045
557,2009-06-24 11:00:00,-0.03956750834263569,0.2701812211620874,0.1642727394607637,0.27800899726118045
558,2009-06-24 12:00:00,-0.044939235858129645,0.27017072443761236,0.16411584447432764,0.27800899726118045
559,2009-06-24 13:00:00,-0.0539162256669248,0.2701602281209422,0.16395909933647151,0.27800899726118045
560,2009-06-24 14:00:00,-0.06736179096731577,0.27014973221206107,0.16380250390407705,0.27800899726118045
561,2009-06-24 15:00:00,-0.07465136815404402,0.2701392367109532,0.1636460580341622,0.27800899726118045
562,2009-06-24 16:00:00,-0.08161387830201079,0.2701287416176027,0.16348976158388168,0.27800899726118045
563,2009-06-24 17:00:00,-0.06899444269686489,0.2701182469319937,0.16333361441052618,0.27800899726118045
564,2009-06-24 18:00:00,-0.051757666417352306,0.27010775265411036,0.1631776163715234,0.27800899726118045
565,2009-06-24 19:00:00,-0.04335075795782336,0.27009725878393687,0.16302176732443674,0.27800899726118045
566,2009-06-24 20:00:00,-0.039601102916690716,0.27008676532145737,0.16286606712696552,0.27800899726118045
567,2009-06-24 21:00:00,-0.03710451569933031,0.27007627226665604,0.16271051563694558,0.27800899726118045
568,2009-06-24 22:00:00,-0.035838547707180236,0.27006577961951705,0.16255511271234782,0.27800899726118045
569,2009-06-24 23:00:00,-0.034208276803149494,0.27005528738002454,0.1623998582112794,0.27800899726118045
570,2009-06-25 00:00:00,-0.032351165078546074,0.2700447955481627,0.16224475199198268,0.27800899726118045
571,2009-06-25 01:00:00,-0.031632189788023166,0.2700343041239156,0.1620897939128353,0.27800899726118045
572,2009-06-25 02:00:00,-0.02727769443055317,0.27002381310726753,0.1619349838323505,0.27800899726118045
573,2009-06-25 03:00:00,-0.02071545411688271,0.27001332249820265,0.16178032160917621,0.27800899726118045
574,2009-06-25 04:00:00,-0.017699973422880738,0.2700028322967051,0.161625807102096,0.27800899726118045
575,2009-06-25 05:00:00,-0.01603099457397284,0.26999234250275894,0.16147144017002774,0.27800899726118045
576,2009-06-25 06:00:00,-0.01581941109351315,0.2699818531163484,0.16131722067202425,0.27800899726118045
577,2009-06-25 07:00:00,-0.026288611478419783,0.2699713641374577,0.16116314846727298,0.27800899726118045
578,2009-06-25 08:00:00,-0.02605030667555101,0.26996087556607096,0.16100922341509588,0.27800899726118045
579,2009-06-25 09:00:00,-0.025825178217526345,0.26995038740217236,0.16085544537494914,0.27800899726118045
580,2009-06-25 10:00:00,-0.02561216268431379,0.2699398996457461,0.16070181420642357,0.27800899726118045
581,2009-06-25 11:00:00,-0.025410308091590682,0.26992941229677636,0.16054832976924333,0.27800899726118045
582,2009-06-25 12:00:00,-0.02521875966668401,0.26991892535524725,0.16039499192326734,0.27800899726118045
583,2009-06-25 13:00:00,-0.025036747749042267,0.269908438821143,0.1602418005284879,0.27800899726118045
584,2009-06-25 14:00:00,-0.024863577453969023,0.2698979526944478,0.16008875544503137,0.27800899726118045
585,2009-06-25 15:00:00,-0.02469861980695206,0.26988746697514565,0.15993585653315726,0.27800899726118045
586,2009-06-25 16:00:00,-0.024541304110159513,0.2698769816632209,0.15978310365325898,0.27800899726118045
587,2009-06-25 17:00:00,-0.024391111345815064,0.2698664967586576,0.159630496665863,0.27800899726118045
588,2009-06-25 18:00:00,-0.024247568455793227,0.26985601226144,0.15947803543162903,0.27800899726118045
